<odoo>
    <data noupdate="1">
        <record id="ir_cron_finalizar_convoy_automatico" model="ir.cron">
            <field name="name">Finalizar convoyes por fecha</field>
            <field name="model_id" ref="model_mz_convoy"/>
            <field name="state">code</field>
            <field name="code">model._cron_verificar_fecha_finalizacion()</field>
            <field name="interval_number">1</field>
            <field name="interval_type">days</field>
            <field name="numbercall">-1</field>
            <field name="doall" eval="False"/>
            <field name="nextcall" eval="(datetime.now().replace(hour=4, minute=30, second=0) + timedelta(days=1)).strftime('%Y-%m-%d %H:%M:%S')"/>
            <field name="active" eval="False"/>
        </record>
    </data>
</odoo>