<?xml version="1.0" encoding="utf-8"?>
<odoo>
    <data>
        <record id="rule_convoy_operador" model="ir.rule">
            <field name="name">Convoy: operadores ven solo sus convoyes ejecutando</field>
            <field name="model_id" ref="model_mz_convoy"/>
            <field name="domain_force">[
            ('state', '=', 'ejecutando'),
            ('operadores_ids', 'in', user.employee_id.id)
        ]</field>
            <field name="groups" eval="[(4, ref('group_mz_convoy_operador'))]"/>
        </record>

        <record id="rule_agendar_servicio_operador" model="ir.rule">
            <field name="name">Agendar Servicio: operadores ven solo agendas de sus convoyes ejecutando</field>
            <field name="model_id" ref="model_mz_agendar_servicio"/>
            <field name="domain_force">[
        ('convoy_id.state', '=', 'ejecutando'),
        ('convoy_id.operadores_ids', 'in', user.employee_id.id)
    ]</field>
            <field name="groups" eval="[(4, ref('group_mz_convoy_operador'))]"/>
        </record>

        <record id="rule_convoy_coordinador" model="ir.rule">
            <field name="name">Convoy: coordinadores ven solo convoyes donde son directores</field>
            <field name="model_id" ref="model_mz_convoy"/>
            <field name="domain_force">[('director_coordinador', '=', user.employee_id.id)]</field>
            <field name="groups" eval="[(4, ref('group_mz_convoy_coordinador'))]"/>
        </record>
    </data>


</odoo>