<?xml version="1.0" encoding="utf-8"?>
<odoo>
    <data noupdate="1">
        <!-- Catálogo de Participación Específica -->
        <record id="catalogo_participacion_especifica" model="pf.catalogo">
            <field name="name">Participación Específica</field>
            <field name="descripcion">Tipos de participación de la prefecta en eventos</field>
            <field name="sequence">1</field>
            <field name="active">True</field>
        </record>

        <!-- Items de Participación Específica -->
        <record id="item_inauguracion" model="pf.items">
            <field name="name">Inauguración</field>
            <field name="descripcion">Participación en inauguración de evento</field>
            <field name="catalogo_id" ref="catalogo_participacion_especifica"/>
        </record>

        <record id="item_clausura" model="pf.items">
            <field name="name">Clausura</field>
            <field name="descripcion">Participación en clausura de evento</field>
            <field name="catalogo_id" ref="catalogo_participacion_especifica"/>
        </record>

        <record id="item_ponencia" model="pf.items">
            <field name="name">Ponencia</field>
            <field name="descripcion">Participación como ponente</field>
            <field name="catalogo_id" ref="catalogo_participacion_especifica"/>
        </record>

        <record id="item_panel" model="pf.items">
            <field name="name">Panel</field>
            <field name="descripcion">Participación en panel</field>
            <field name="catalogo_id" ref="catalogo_participacion_especifica"/>
        </record>

        <!-- Catálogo de Tipo de Evento -->
        <record id="catalogo_tipo_evento" model="pf.catalogo">
            <field name="name">Tipo de Evento</field>
            <field name="descripcion">Clasificación del tipo de evento</field>
            <field name="sequence">2</field>
            <field name="active">True</field>
        </record>

        <!-- Items de Tipo de Evento -->
        <record id="item_privado" model="pf.items">
            <field name="name">Privado</field>
            <field name="descripcion">Evento de carácter privado</field>
            <field name="catalogo_id" ref="catalogo_tipo_evento"/>
        </record>

        <record id="item_publico" model="pf.items">
            <field name="name">Público</field>
            <field name="descripcion">Evento de carácter público</field>
            <field name="catalogo_id" ref="catalogo_tipo_evento"/>
        </record>

        

        <record id="catalogo_estado_civil" model="pf.catalogo">
            <field name="name">Estados Civiles</field>
            <field name="descripcion">Catálogo de estados civiles</field>
            <field name="sequence">2</field>
            <field name="active" eval="True"/>
        </record>

        <!-- Items de Estado Civil -->
        <record id="estado_civil_soltero" model="pf.items">
            <field name="name">SOLTERO</field>
            <field name="descripcion">Estado civil soltero</field>
            <field name="catalogo_id" ref="catalogo_estado_civil"/>
            <field name="active" eval="True"/>
        </record>

        <record id="estado_civil_casado" model="pf.items">
            <field name="name">CASADO</field>
            <field name="descripcion">Estado civil casado</field>
            <field name="catalogo_id" ref="catalogo_estado_civil"/>
            <field name="active" eval="True"/>
        </record>

        <record id="estado_civil_divorciado" model="pf.items">
            <field name="name">DIVORCIADO</field>
            <field name="descripcion">Estado civil divorciado</field>
            <field name="catalogo_id" ref="catalogo_estado_civil"/>
            <field name="active" eval="True"/>
        </record>

        <record id="estado_civil_viudo" model="pf.items">
            <field name="name">VIUDO</field>
            <field name="descripcion">Estado civil viudo</field>
            <field name="catalogo_id" ref="catalogo_estado_civil"/>
            <field name="active" eval="True"/>
        </record>

        <record id="estado_civil_union_hecho" model="pf.items">
            <field name="name">UNION DE HECHO</field>
            <field name="descripcion">Estado civil unión de hecho</field>
            <field name="catalogo_id" ref="catalogo_estado_civil"/>
            <field name="active" eval="True"/>
        </record>

        
      
    </data>
</odoo>