id,name,model_id:id,group_id:id,perm_read,perm_write,perm_create,perm_unlink

access_res_country_sector_asistente_convoy,access_res_country_sector_asistente_convoy,prefectura_base.model_res_country_sector,group_mz_convoy_asistente_coordinador,1,1,1,0
access_res_country_sector_admin_convoy,access_res_country_sector_admin_convoy,prefectura_base.model_res_country_sector,group_mz_convoy_administrador,1,1,1,1

access_res_users_coordinador,access_res_users_coordinador,base.model_res_users,group_mz_convoy_coordinador,1,1,0,0
access_res_users_asistente_coordinador,access_res_users_asistente_coordinador,base.model_res_users,group_mz_convoy_asistente_coordinador,1,1,0,0
access_res_users_convoy_admin,access_res_users_convoy_admin,base.model_res_users,group_mz_convoy_administrador,1,1,0,0

access_pf_programas_operador,pf.programas.asistente_operador,prefectura_base.model_pf_programas,group_mz_convoy_operador,1,0,0,0
access_pf_programas_bodeguero,pf.programas.bodeguero,prefectura_base.model_pf_programas,group_mz_convoy_bodeguero,1,0,0,0
access_pf_programas_bodeguero_medicina,pf.programas.bodeguero.medicina,prefectura_base.model_pf_programas,group_mz_convoy_bodeguero_medicina,1,0,0,0
access_pf_programas_bodeguero_veterinario,pf.programas.bodeguero.veterinario,prefectura_base.model_pf_programas,manzana_convoy.group_mz_convoy_bodeguero_veterinario,1,0,0,0
access_pf_programas_bodeguero_insumos,pf.programas.bodeguero.insumos,prefectura_base.model_pf_programas,manzana_convoy.group_mz_convoy_bodeguero_insumos,1,0,0,0

access_pf_programas_prestador_servicio,pf.programas.prestador_servicio,prefectura_base.model_pf_programas,group_mz_convoy_prestador_servicio,1,0,0,0
access_pf_programas_medicina_general,pf.programas.medicina_general,prefectura_base.model_pf_programas,group_mz_convoy_medicina_general,1,0,0,0
access_pf_programas_psicologia,pf.programas.psicologia,prefectura_base.model_pf_programas,group_mz_convoy_psicologia,1,0,0,0
access_pf_programas_cuidado_infantil,pf.programas.cuidado_infantil,prefectura_base.model_pf_programas,group_mz_convoy_cuidado_infantil,1,0,0,0
access_pf_programas_aseroria_legal,pf.programas.aseroria_legal,prefectura_base.model_pf_programas,group_mz_convoy_aseroria_legal,1,0,0,0
access_pf_programas_veterinaria,pf.programas.veterinaria,prefectura_base.model_pf_programas,group_mz_convoy_veterinaria,1,0,0,0
access_pf_programas_asistente_coordinador,pf.programas.asistente_coordinador,prefectura_base.model_pf_programas,group_mz_convoy_asistente_coordinador,1,1,1,0
access_pf_programas_coordinador,pf.programas.coordinador,prefectura_base.model_pf_programas,group_mz_convoy_coordinador,1,1,0,0
access_pf_programas_administrador,pf.programas.administrador,prefectura_base.model_pf_programas,group_mz_convoy_administrador,1,1,1,1

access_mz_convoy_operador,mz.convoy.asistente_operador,model_mz_convoy,group_mz_convoy_operador,1,1,0,0
access_mz_convoy_bodeguero,mz.convoy.asistente_bodeguero,model_mz_convoy,group_mz_convoy_bodeguero,1,0,0,0
access_mz_convoy_bodeguero_medicina,mz.convoy.asistente_bodeguero_medicina,model_mz_convoy,group_mz_convoy_bodeguero_medicina,1,0,0,0
access_mz_convoy_bodeguero_veterinario,mz.convoy.asistente_bodeguero_veterinario,model_mz_convoy,group_mz_convoy_bodeguero_veterinario,1,0,0,0
access_mz_convoy_bodeguero_insumos,mz.convoy.asistente_bodeguero_insumos,model_mz_convoy,group_mz_convoy_bodeguero_insumos,1,0,0,0
access_mz_convoy_bodeguero_veterinario,mz.convoy.asistente_bodeguero_veterinario,model_mz_convoy,group_mz_convoy_bodeguero_veterinario,1,0,0,0
access_mz_convoy_bodeguero_insumos,mz.convoy.asistente_bodeguero_insumos,model_mz_convoy,group_mz_convoy_bodeguero_insumos,1,0,0,0
access_mz_convoy_prestador_servicio,mz.convoy.prestador_servicio,model_mz_convoy,group_mz_convoy_prestador_servicio,1,1,0,0
access_mz_convoy_medicina_general,mz.convoy.medicina_general,model_mz_convoy,group_mz_convoy_medicina_general,1,1,0,0
access_mz_convoy_psicologia,mz.convoy.psicologia,model_mz_convoy,group_mz_convoy_psicologia,1,1,0,0
access_mz_convoy_cuidado_infantil,mz.convoy.cuidado_infantil,model_mz_convoy,group_mz_convoy_cuidado_infantil,1,1,0,0
access_mz_convoy_aseroria_legal,mz.convoy.aseroria_legal,model_mz_convoy,group_mz_convoy_aseroria_legal,1,1,0,0
access_mz_convoy_veterinaria,mz.convoy.veterinaria,model_mz_convoy,group_mz_convoy_veterinaria,1,1,0,0
access_mz_convoy_asistente_coordinador,mz.convoy.asistente_coordinador,model_mz_convoy,group_mz_convoy_asistente_coordinador,1,1,1,0
access_mz_convoy_coordinador,mz.convoy.coordinador,model_mz_convoy,group_mz_convoy_coordinador,1,1,0,0
access_mz_convoy_administrador,mz.convoy.administrador,model_mz_convoy,group_mz_convoy_administrador,1,1,1,1

access_mz_convoy_mesa_tecnica_operador,mz_convoy.mesa_tecnica.asistente_operador,model_mz_convoy_mesa_tecnica,group_mz_convoy_operador,1,0,0,0
access_mz_convoy_mesa_tecnica_bodeguero,mz_convoy.mesa_tecnica.bodeguero,model_mz_convoy_mesa_tecnica,group_mz_convoy_bodeguero,1,0,0,0
access_mz_convoy_mesa_tecnica_bodeguero_medicina,mz_convoy.mesa_tecnica.bodeguero_medicina,model_mz_convoy_mesa_tecnica,group_mz_convoy_bodeguero_medicina,1,0,0,0
access_mz_convoy_mesa_tecnica_bodeguero_veterinario,mz_convoy.mesa_tecnica.bodeguero_veterinario,model_mz_convoy_mesa_tecnica,group_mz_convoy_bodeguero_veterinario,1,0,0,0
access_mz_convoy_mesa_tecnica_bodeguero_insumos,mz_convoy.mesa_tecnica.bodeguero_insumos,model_mz_convoy_mesa_tecnica,group_mz_convoy_bodeguero_insumos,1,0,0,0
access_mz_convoy_mesa_tecnica_prestador_servicio,mz_convoy.mesa_tecnica.prestador_servicio,model_mz_convoy_mesa_tecnica,group_mz_convoy_prestador_servicio,1,0,0,0
access_mz_convoy_mesa_tecnica_medicina_general,mz_convoy.mesa_tecnica.medicina_general,model_mz_convoy_mesa_tecnica,group_mz_convoy_medicina_general,1,0,0,0
access_mz_convoy_mesa_tecnica_psicologia,mz_convoy.mesa_tecnica.psicologia,model_mz_convoy_mesa_tecnica,group_mz_convoy_psicologia,1,0,0,0
access_mz_convoy_mesa_tecnica_cuidado_infantil,mz_convoy.mesa_tecnica.cuidado_infantil,model_mz_convoy_mesa_tecnica,group_mz_convoy_cuidado_infantil,1,0,0,0
access_mz_convoy_mesa_tecnica_aseroria_legal,mz_convoy.mesa_tecnica.aseroria_legal,model_mz_convoy_mesa_tecnica,group_mz_convoy_aseroria_legal,1,0,0,0
access_mz_convoy_mesa_tecnica_veterinaria,mz_convoy.mesa_tecnica.veterinaria,model_mz_convoy_mesa_tecnica,group_mz_convoy_veterinaria,1,0,0,0
access_mz_convoy_mesa_tecnica_asistente_coordinador,mz_convoy.mesa_tecnica.asistente_coordinador,model_mz_convoy_mesa_tecnica,group_mz_convoy_asistente_coordinador,1,1,1,0
access_mz_convoy_mesa_tecnica_coordinador,mz_convoy.mesa_tecnica.coordinador,model_mz_convoy_mesa_tecnica,group_mz_convoy_coordinador,1,1,0,0
access_mz_convoy_mesa_tecnica_administrador,mz_convoy.mesa_tecnica.administrador,model_mz_convoy_mesa_tecnica,group_mz_convoy_administrador,1,1,1,1

access_hr_employee_operador,hr.employee.asistente_operador,model_hr_employee,group_mz_convoy_operador,1,0,0,0
access_hr_employee_prestador_servicio,hr.employee.prestador_servicio,model_hr_employee,group_mz_convoy_prestador_servicio,1,0,0,0
access_hr_employee_medicina_general,hr.employee.medicina_general,model_hr_employee,group_mz_convoy_medicina_general,1,0,0,0
access_hr_employee_psicologia,hr.employee.psicologia,model_hr_employee,group_mz_convoy_psicologia,1,0,0,0
access_hr_employee_cuidado_infantil,hr.employee.cuidado_infantil,model_hr_employee,group_mz_convoy_cuidado_infantil,1,0,0,0
access_hr_employee_aseroria_legal,hr.employee.aseroria_legal,model_hr_employee,group_mz_convoy_aseroria_legal,1,0,0,0
access_hr_employee_veterinaria,hr.employee.veterinaria,model_hr_employee,group_mz_convoy_veterinaria,1,0,0,0
access_hr_employee_asistente_coordinador,hr.employee.asistente_coordinador,model_hr_employee,group_mz_convoy_asistente_coordinador,1,1,1,0
access_hr_employee_coordinador,hr.employee.coordinador,model_hr_employee,group_mz_convoy_coordinador,1,1,0,0
access_hr_employee_administrador,hr.employee.administrador,model_hr_employee,group_mz_convoy_administrador,1,1,1,1

access_mz_convoy_autoridades_operador,mz_convoy.autoridades.asistente_operador,model_mz_convoy_autoridades,group_mz_convoy_operador,1,0,0,0
access_mz_convoy_autoridades_bodeguero,mz_convoy.autoridades.bodeguero,model_mz_convoy_autoridades,group_mz_convoy_bodeguero,1,0,0,0
access_mz_convoy_autoridades_bodeguero_medicina,mz_convoy.autoridades.bodeguero_medicina,model_mz_convoy_autoridades,group_mz_convoy_bodeguero_medicina,1,0,0,0
access_mz_convoy_autoridades_bodeguero_veterinario,mz_convoy.autoridades.bodeguero_veterinario,model_mz_convoy_autoridades,group_mz_convoy_bodeguero_veterinario,1,0,0,0
access_mz_convoy_autoridades_bodeguero_insumos,mz_convoy.autoridades.bodeguero_insumos,model_mz_convoy_autoridades,group_mz_convoy_bodeguero_insumos,1,0,0,0
access_mz_convoy_autoridades_prestador_servicio,mz_convoy.autoridades.prestador_servicio,model_mz_convoy_autoridades,group_mz_convoy_prestador_servicio,1,0,0,0
access_mz_convoy_autoridades_medicina_general,mz_convoy.autoridades.medicina_general,model_mz_convoy_autoridades,group_mz_convoy_medicina_general,1,0,0,0
access_mz_convoy_autoridades_psicologia,mz_convoy.autoridades.psicologia,model_mz_convoy_autoridades,group_mz_convoy_psicologia,1,0,0,0
access_mz_convoy_autoridades_cuidado_infantil,mz_convoy.autoridades.cuidado_infantil,model_mz_convoy_autoridades,group_mz_convoy_cuidado_infantil,1,0,0,0
access_mz_convoy_alertas_aseroria_legal,mz_convoy.alertas_quejas.aseroria_legal,model_mz_convoy_alertas_quejas,group_mz_convoy_aseroria_legal,1,0,0,0
access_mz_convoy_alertas_veterinaria,mz_convoy.alertas_quejas.veterinaria,model_mz_convoy_alertas_quejas,group_mz_convoy_veterinaria,1,0,0,0
access_mz_convoy_autoridades_asistente_coordinador,mz_convoy.autoridades.asistente_coordinador,model_mz_convoy_autoridades,group_mz_convoy_asistente_coordinador,1,1,1,0
access_mz_convoy_autoridades_coordinador,mz_convoy.autoridades.coordinador,model_mz_convoy_autoridades,group_mz_convoy_coordinador,1,1,1,0
access_mz_convoy_autoridades_administrador,mz_convoy.autoridades.administrador,model_mz_convoy_autoridades,group_mz_convoy_administrador,1,1,1,1

access_mz_convoy_alertas_operador,mz_convoy.alertas_quejas.asistente_operador,model_mz_convoy_alertas_quejas,group_mz_convoy_operador,1,0,0,0
access_mz_convoy_alertas_bodeguero,mz_convoy.alertas_quejas.bodeguero,model_mz_convoy_alertas_quejas,group_mz_convoy_bodeguero,1,0,0,0
access_mz_convoy_alertas_bodeguero_medicina,mz_convoy.alertas_quejas.bodeguero_medicina,model_mz_convoy_alertas_quejas,group_mz_convoy_bodeguero_medicina,1,0,0,0
access_mz_convoy_alertas_bodeguero_veterinario,mz_convoy.alertas_quejas.bodeguero_veterinario,model_mz_convoy_alertas_quejas,group_mz_convoy_bodeguero_veterinario,1,0,0,0
access_mz_convoy_alertas_bodeguero_insumos,mz_convoy.alertas_quejas.bodeguero_insumos,model_mz_convoy_alertas_quejas,group_mz_convoy_bodeguero_insumos,1,0,0,0
access_mz_convoy_alertas_prestador_servicio,mz_convoy.alertas_quejas.prestador_servicio,model_mz_convoy_alertas_quejas,group_mz_convoy_prestador_servicio,1,0,0,0
access_mz_convoy_alertas_medicina_general,mz_convoy.alertas_quejas.medicina_general,model_mz_convoy_alertas_quejas,group_mz_convoy_medicina_general,1,0,0,0
access_mz_convoy_alertas_psicologia,mz_convoy.alertas_quejas.psicologia,model_mz_convoy_alertas_quejas,group_mz_convoy_psicologia,1,0,0,0
access_mz_convoy_alertas_cuidado_infantil,mz_convoy.alertas_quejas.cuidado_infantil,model_mz_convoy_alertas_quejas,group_mz_convoy_cuidado_infantil,1,0,0,0
access_mz_convoy_alertas_aseroria_legal,mz_convoy.alertas_quejas.aseroria_legal,model_mz_convoy_alertas_quejas,group_mz_convoy_aseroria_legal,1,0,0,0
access_mz_convoy_alertas_asistente_coordinador,mz_convoy.alertas_quejas.asistente_coordinador,model_mz_convoy_alertas_quejas,group_mz_convoy_asistente_coordinador,1,1,1,0
access_mz_convoy_alertas_quejas_coordinador,mz_convoy.alertas_quejas.coordinador,model_mz_convoy_alertas_quejas,group_mz_convoy_coordinador,1,1,0,0
access_mz_convoy_alertas_quejas_administrador,mz_convoy.alertas_quejas.administrador,model_mz_convoy_alertas_quejas,group_mz_convoy_administrador,1,1,1,1


access_pf_beneficiario_operador,pf.beneficiario.asistente_operador,prefectura_base.model_pf_beneficiario,group_mz_convoy_operador,1,1,1,0
access_pf_beneficiario_bodeguero,pf.beneficiario.bodeguero,prefectura_base.model_pf_beneficiario,group_mz_convoy_bodeguero,1,0,0,0
access_pf_beneficiario_bodeguero_medicina,pf.beneficiario.bodeguero_medicina,prefectura_base.model_pf_beneficiario,group_mz_convoy_bodeguero_medicina,1,0,0,0
access_pf_beneficiario_bodeguero_veterinario,pf.beneficiario.bodeguero_veterinario,prefectura_base.model_pf_beneficiario,group_mz_convoy_bodeguero_veterinario,1,0,0,0
access_pf_beneficiario_bodeguero_insumos,pf.beneficiario.bodeguero_insumos,prefectura_base.model_pf_beneficiario,group_mz_convoy_bodeguero_insumos,1,0,0,0
access_pf_beneficiario_prestador_servicio,pf.beneficiario.prestador_servicio,prefectura_base.model_pf_beneficiario,group_mz_convoy_prestador_servicio,1,1,1,0
access_pf_beneficiario_medicina_general,pf.beneficiario.medicina_general,prefectura_base.model_pf_beneficiario,group_mz_convoy_medicina_general,1,1,1,0
access_pf_beneficiario_psicologia,pf.beneficiario.psicologia,prefectura_base.model_pf_beneficiario,group_mz_convoy_psicologia,1,1,1,0
access_pf_beneficiario_cuidado_infantil,pf.beneficiario.cuidado_infantil,prefectura_base.model_pf_beneficiario,group_mz_convoy_cuidado_infantil,1,1,1,0
access_pf_beneficiario_aseroria_legal,pf.beneficiario.aseroria_legal,prefectura_base.model_pf_beneficiario,group_mz_convoy_aseroria_legal,1,1,1,0
access_pf_beneficiario_veterinaria,pf.beneficiario.veterinaria,prefectura_base.model_pf_beneficiario,group_mz_convoy_veterinaria,1,1,1,0
access_pf_beneficiario_asistente_coordinador,pf.beneficiario.asistente_coordinador,prefectura_base.model_pf_beneficiario,group_mz_convoy_asistente_coordinador,1,0,0,0
access_pf_beneficiario_coordinador,pf.beneficiario.coordinador,prefectura_base.model_pf_beneficiario,group_mz_convoy_coordinador,1,1,1,0
access_pf_beneficiario_administrador,pf.beneficiario.administrador,prefectura_base.model_pf_beneficiario,group_mz_convoy_administrador,1,1,1,0

access_mz_dependiente_operador,mz.dependiente.asistente_operador,manzana_de_cuidados.model_mz_dependiente,group_mz_convoy_operador,1,1,1,0
access_mz_dependiente_prestador_servicio,mz.dependiente.prestador_servicio,manzana_de_cuidados.model_mz_dependiente,group_mz_convoy_prestador_servicio,1,1,1,0
access_mz_dependiente_medicina_general,mz.dependiente.medicina_general,manzana_de_cuidados.model_mz_dependiente,group_mz_convoy_medicina_general,1,1,1,0
access_mz_dependiente_psicologia,mz.dependiente.psicologia,manzana_de_cuidados.model_mz_dependiente,group_mz_convoy_psicologia,1,1,1,0
access_mz_dependiente_cuidado_infantil,mz.dependiente.cuidado_infantil,manzana_de_cuidados.model_mz_dependiente,group_mz_convoy_cuidado_infantil,1,1,1,0
access_mz_dependiente_aseroria_legal,mz.dependiente.aseroria_legal,manzana_de_cuidados.model_mz_dependiente,group_mz_convoy_aseroria_legal,1,1,1,0
access_mz_dependiente_veterinaria,mz.dependiente.veterinaria,manzana_de_cuidados.model_mz_dependiente,group_mz_convoy_veterinaria,1,1,1,0
access_mz_dependiente_asistente_coordinador,mz.dependiente.asistente_coordinador,manzana_de_cuidados.model_mz_dependiente,group_mz_convoy_asistente_coordinador,1,0,0,0
access_mz_dependiente_coordinador,mz.dependiente.coordinador,manzana_de_cuidados.model_mz_dependiente,group_mz_convoy_coordinador,1,1,1,0
access_mz_dependiente_administrador,mz.dependiente.administrador,manzana_de_cuidados.model_mz_dependiente,group_mz_convoy_administrador,1,1,1,0

access_mz_mascota_operador,mz.mascota.asistente_operador,manzana_de_cuidados.model_mz_mascota,group_mz_convoy_operador,1,1,1,0
access_mz_mascota_prestador_servicio,mz.mascota.prestador_servicio,manzana_de_cuidados.model_mz_mascota,group_mz_convoy_prestador_servicio,1,1,1,0
access_mz_mascota_medicina_general,mz.mascota.medicina_general,manzana_de_cuidados.model_mz_mascota,group_mz_convoy_medicina_general,1,1,1,0
access_mz_mascota_psicologia,mz.mascota.psicologia,manzana_de_cuidados.model_mz_mascota,group_mz_convoy_psicologia,1,1,1,0
access_mz_mascota_cuidado_infantil,mz.mascota.cuidado_infantil,manzana_de_cuidados.model_mz_mascota,group_mz_convoy_cuidado_infantil,1,1,1,0
access_mz_mascota_aseroria_legal,mz.mascota.aseroria_legal,manzana_de_cuidados.model_mz_mascota,group_mz_convoy_aseroria_legal,1,1,1,0
access_mz_mascota_veterinaria,mz.mascota.veterinaria,manzana_de_cuidados.model_mz_mascota,group_mz_convoy_veterinaria,1,1,1,0
access_mz_mascota_asistente_coordinador,mz.mascota.asistente_coordinador,manzana_de_cuidados.model_mz_mascota,group_mz_convoy_asistente_coordinador,1,0,0,0
access_mz_mascota_coordinador,mz.mascota.coordinador,manzana_de_cuidados.model_mz_mascota,group_mz_convoy_coordinador,1,1,1,0
access_mz_mascota_administrador,mz.mascota.administrador,manzana_de_cuidados.model_mz_mascota,group_mz_convoy_administrador,1,1,1,0

access_mz_genera_planificacion_servicio_operador,mz.genera.planificacion.servicio.asistente_operador,manzana_de_cuidados.model_mz_genera_planificacion_servicio,group_mz_convoy_operador,1,1,1,0
access_mz_genera_planificacion_servicio_prestador_servicio,mz.genera.planificacion.servicio.prestador_servicio,manzana_de_cuidados.model_mz_genera_planificacion_servicio,group_mz_convoy_prestador_servicio,1,0,0,0
access_mz_genera_planificacion_servicio_medicina_general,mz.genera.planificacion.servicio.medicina_general,manzana_de_cuidados.model_mz_genera_planificacion_servicio,group_mz_convoy_medicina_general,1,0,0,0
access_mz_genera_planificacion_servicio_psicologia,mz.genera.planificacion.servicio.psicologia,manzana_de_cuidados.model_mz_genera_planificacion_servicio,group_mz_convoy_psicologia,1,0,0,0
access_mz_genera_planificacion_servicio_cuidado_infantil,mz.genera.planificacion.servicio.cuidado_infantil,manzana_de_cuidados.model_mz_genera_planificacion_servicio,group_mz_convoy_cuidado_infantil,1,0,0,0
access_mz_genera_planificacion_servicio_aseroria_legal,mz.genera.planificacion.servicio.aseroria_legal,manzana_de_cuidados.model_mz_genera_planificacion_servicio,group_mz_convoy_aseroria_legal,1,0,0,0
access_mz_genera_planificacion_servicio_veterinaria,mz.genera.planificacion.servicio.veterinaria,manzana_de_cuidados.model_mz_genera_planificacion_servicio,group_mz_convoy_veterinaria,1,0,0,0
access_mz_genera_planificacion_servicio_asistente_coordinador,mz.genera.planificacion.servicio.asistente_coordinador,manzana_de_cuidados.model_mz_genera_planificacion_servicio,group_mz_convoy_asistente_coordinador,1,1,1,0
access_mz_genera_planificacion_servicio_coordinador,mz.genera.planificacion.servicio.coordinador,manzana_de_cuidados.model_mz_genera_planificacion_servicio,group_mz_convoy_coordinador,1,1,1,1
access_mz_genera_planificacion_servicio_administrador,mz.genera.planificacion.servicio.administrador,manzana_de_cuidados.model_mz_genera_planificacion_servicio,group_mz_convoy_administrador,1,1,1,1


access_mz_beneficiario_operador,mz.beneficiario.asistente_operador,manzana_de_cuidados.model_mz_beneficiario,group_mz_convoy_operador,1,1,1,0
access_mz_beneficiario_prestador_servicio,mz.beneficiario.prestador_servicio,manzana_de_cuidados.model_mz_beneficiario,group_mz_convoy_prestador_servicio,1,1,1,0
access_mz_beneficiario_medicina_general,mz.beneficiario.medicina_general,manzana_de_cuidados.model_mz_beneficiario,group_mz_convoy_medicina_general,1,1,1,0
access_mz_beneficiario_psicologia,mz.beneficiario.psicologia,manzana_de_cuidados.model_mz_beneficiario,group_mz_convoy_psicologia,1,1,1,0
access_mz_beneficiario_cuidado_infantil,mz.beneficiario.cuidado_infantil,manzana_de_cuidados.model_mz_beneficiario,group_mz_convoy_cuidado_infantil,1,1,1,0
access_mz_beneficiario_aseroria_legal,mz.beneficiario.aseroria_legal,manzana_de_cuidados.model_mz_beneficiario,group_mz_convoy_aseroria_legal,1,1,1,0
access_mz_beneficiario_veterinaria,mz.beneficiario.veterinaria,manzana_de_cuidados.model_mz_beneficiario,group_mz_convoy_veterinaria,1,1,1,0
access_mz_beneficiario_asistente_coordinador,mz.beneficiario.asistente_coordinador,manzana_de_cuidados.model_mz_beneficiario,group_mz_convoy_asistente_coordinador,1,0,0,0
access_mz_beneficiario_coordinador,mz.beneficiario.coordinador,manzana_de_cuidados.model_mz_beneficiario,group_mz_convoy_coordinador,1,1,1,0
access_mz_beneficiario_administrador,mz.beneficiario.administrador,manzana_de_cuidados.model_mz_beneficiario,group_mz_convoy_administrador,1,1,1,1

access_mz_planificacion_servicio_operador,mz.planificacion.servicio.asistente_operador,manzana_de_cuidados.model_mz_planificacion_servicio,group_mz_convoy_operador,1,1,1,0
access_mz_planificacion_servicio_prestador_servicio,mz.planificacion.servicio.prestador_servicio,manzana_de_cuidados.model_mz_planificacion_servicio,group_mz_convoy_prestador_servicio,1,1,0,0
access_mz_planificacion_servicio_medicina_general,mz.planificacion.servicio.medicina_general,manzana_de_cuidados.model_mz_planificacion_servicio,group_mz_convoy_medicina_general,1,1,0,0
access_mz_planificacion_servicio_psicologia,mz.planificacion.servicio.psicologia,manzana_de_cuidados.model_mz_planificacion_servicio,group_mz_convoy_psicologia,1,1,0,0
access_mz_planificacion_servicio_cuidado_infantil,mz.planificacion.servicio.cuidado_infantil,manzana_de_cuidados.model_mz_planificacion_servicio,group_mz_convoy_cuidado_infantil,1,1,0,0
access_mz_planificacion_servicio_aseroria_legal,mz.planificacion.servicio.aseroria_legal,manzana_de_cuidados.model_mz_planificacion_servicio,group_mz_convoy_aseroria_legal,1,1,0,0
access_mz_planificacion_servicio_veterinaria,mz.planificacion.servicio.veterinaria,manzana_de_cuidados.model_mz_planificacion_servicio,group_mz_convoy_veterinaria,1,1,0,0
access_mz_planificacion_servicio_asistente_coordinador,mz.planificacion.servicio.asistente_coordinador,manzana_de_cuidados.model_mz_planificacion_servicio,group_mz_convoy_asistente_coordinador,1,0,0,0
access_mz_planificacion_servicio_coordinador,mz.planificacion.servicio.coordinador,manzana_de_cuidados.model_mz_planificacion_servicio,group_mz_convoy_coordinador,1,1,1,0
access_mz_planificacion_servicio_administrador,mz.planificacion.servicio.asministrador,manzana_de_cuidados.model_mz_planificacion_servicio,group_mz_convoy_administrador,1,1,1,1

access_mz_asignacion_servicio_operador,mz.asignacion.servicio.asistente_operador,manzana_de_cuidados.model_mz_asignacion_servicio,group_mz_convoy_operador,1,0,0,0
access_mz_asignacion_servicio_prestador_servicio,mz.asignacion.servicio.prestador_servicio,manzana_de_cuidados.model_mz_asignacion_servicio,group_mz_convoy_prestador_servicio,1,0,0,0
access_mz_asignacion_servicio_medicina_general,mz.asignacion.servicio.medicina_general,manzana_de_cuidados.model_mz_asignacion_servicio,group_mz_convoy_medicina_general,1,0,0,0
access_mz_asignacion_servicio_psicologia,mz.asignacion.servicio.psicologia,manzana_de_cuidados.model_mz_asignacion_servicio,group_mz_convoy_psicologia,1,0,0,0
access_mz_asignacion_servicio_cuidado_infantil,mz.asignacion.servicio.cuidado_infantil,manzana_de_cuidados.model_mz_asignacion_servicio,group_mz_convoy_cuidado_infantil,1,0,0,0
access_mz_asignacion_servicio_aseroria_legal,mz.asignacion.servicio.aseroria_legal,manzana_de_cuidados.model_mz_asignacion_servicio,group_mz_convoy_aseroria_legal,1,0,0,0
access_mz_asignacion_servicio_veterinaria,mz.asignacion.servicio.veterinaria,manzana_de_cuidados.model_mz_asignacion_servicio,group_mz_convoy_veterinaria,1,0,0,0
access_mz_asignacion_servicio_bodeguero,mz.asignacion.servicio.bodeguero,manzana_de_cuidados.model_mz_asignacion_servicio,group_mz_convoy_bodeguero,1,0,0,0
access_mz_asignacion_servicio_bodeguero_medicina,mz.asignacion.servicio.bodeguero_medicina,manzana_de_cuidados.model_mz_asignacion_servicio,group_mz_convoy_bodeguero_medicina,1,0,0,0
access_mz_asignacion_servicio_bodeguero_veterinario,mz.asignacion.servicio.bodeguero_veterinario,manzana_de_cuidados.model_mz_asignacion_servicio,group_mz_convoy_bodeguero_veterinario,1,0,0,0
access_mz_asignacion_servicio_bodeguero_insumos,mz.asignacion.servicio.bodeguero_insumos,manzana_de_cuidados.model_mz_asignacion_servicio,group_mz_convoy_bodeguero_insumos,1,0,0,0
access_mz_asignacion_servicio_asistente_coordinador,mz.asignacion.servicio.asistente_coordinador,manzana_de_cuidados.model_mz_asignacion_servicio,group_mz_convoy_asistente_coordinador,1,0,0,0
access_mz_asignacion_servicio_coordinador,mz.asignacion.servicio.coordinador,manzana_de_cuidados.model_mz_asignacion_servicio,group_mz_convoy_coordinador,1,1,1,0
access_mz_asignacion_servicio_administrador,mz.asignacion.servicio.administrador,manzana_de_cuidados.model_mz_asignacion_servicio,group_mz_convoy_administrador,1,1,1,1

access_mz_historia_clinica_operador,mz.historia.clinica.asistente_operador,manzana_de_cuidados.model_mz_historia_clinica,group_mz_convoy_operador,1,0,0,0
access_mz_historia_clinica_prestador_servicio,mz.historia.clinica.prestador_servicio,manzana_de_cuidados.model_mz_historia_clinica,group_mz_convoy_prestador_servicio,1,1,1,0
access_mz_historia_clinica_medicina_general,mz.historia.clinica.medicina_general,manzana_de_cuidados.model_mz_historia_clinica,group_mz_convoy_medicina_general,1,1,1,0
access_mz_historia_clinica_psicologia,mz.historia.clinica.psicologia,manzana_de_cuidados.model_mz_historia_clinica,group_mz_convoy_psicologia,1,1,1,0
access_mz_historia_clinica_cuidado_infantil,mz.historia.clinica.cuidado_infantil,manzana_de_cuidados.model_mz_historia_clinica,group_mz_convoy_cuidado_infantil,1,1,1,0
access_mz_historia_clinica_aseroria_legal,mz.historia.clinica.aseroria_legal,manzana_de_cuidados.model_mz_historia_clinica,group_mz_convoy_aseroria_legal,1,1,1,0
access_mz_historia_clinica_veterinaria,mz.historia.clinica.veterinaria,manzana_de_cuidados.model_mz_historia_clinica,group_mz_convoy_veterinaria,1,1,1,0
access_mz_historia_clinica_asistente_coordinador,mz.historia.clinica.asistente_coordinador,manzana_de_cuidados.model_mz_historia_clinica,group_mz_convoy_asistente_coordinador,1,0,0,0
access_mz_historia_clinica_coordinador,mz.historia.clinica.coordinador,manzana_de_cuidados.model_mz_historia_clinica,group_mz_convoy_coordinador,1,0,0,0
access_mz_historia_clinica_administrador,mz.historia.clinica.administrador,manzana_de_cuidados.model_mz_historia_clinica,group_mz_convoy_administrador,1,1,1,0


access_mz_historia_asesoria_legal,mz.historia.psicologica.aseroria_legal,manzana_de_cuidados.model_mz_historia_psicologica,group_mz_convoy_aseroria_legal,1,0,0,0
access_mz_historia_psicologica_veterinaria,mz.historia.psicologica.veterinaria,manzana_de_cuidados.model_mz_historia_psicologica,group_mz_convoy_veterinaria,1,0,0,0
access_mz_historia_psicologica_psicologia,mz.historia.psicologica.psicologia,manzana_de_cuidados.model_mz_historia_psicologica,group_mz_convoy_psicologia,1,1,1,0
access_mz_historia_psicologica_asistente_coordinador,mz.historia.psicologica.asistente_coordinador,manzana_de_cuidados.model_mz_historia_psicologica,group_mz_convoy_asistente_coordinador,1,0,0,0
access_mz_historia_psicologica_coordinador,mz.historia.psicologica.coordinador,manzana_de_cuidados.model_mz_historia_psicologica,group_mz_convoy_coordinador,1,0,0,0
access_mz_historia_psicologica_administrador,mz.historia.psicologica.administrador,manzana_de_cuidados.model_mz_historia_psicologica,group_mz_convoy_administrador,1,1,1,1

access_mz_diagnostico_linea_operador,mz.diagnostico.linea.asistente_operador,manzana_de_cuidados.model_mz_diagnostico_linea,group_mz_convoy_operador,1,0,0,0
access_mz_diagnostico_linea_prestador_servicio,mz.diagnostico.linea.prestador_servicio,manzana_de_cuidados.model_mz_diagnostico_linea,group_mz_convoy_prestador_servicio,1,1,1,0
access_mz_diagnostico_linea_medicina_general,mz.diagnostico.linea.medicina_general,manzana_de_cuidados.model_mz_diagnostico_linea,group_mz_convoy_medicina_general,1,1,1,0
access_mz_diagnostico_linea_psicologia,mz.diagnostico.linea.psicologia,manzana_de_cuidados.model_mz_diagnostico_linea,group_mz_convoy_psicologia,1,1,1,0
access_mz_diagnostico_linea_asistente_coordinador,mz.diagnostico.linea.asistente_coordinador,manzana_de_cuidados.model_mz_diagnostico_linea,group_mz_convoy_asistente_coordinador,1,0,0,0
access_mz_diagnostico_linea_coordinador,mz.diagnostico.linea.coordinador,manzana_de_cuidados.model_mz_diagnostico_linea,group_mz_convoy_coordinador,1,0,0,0
access_mz_diagnostico_linea_administrador,mz.diagnostico.linea.administrador,manzana_de_cuidados.model_mz_diagnostico_linea,group_mz_convoy_administrador,1,1,1,0

access_mz_diagnostico_psicologico_linea_operador,mz.diagnostico.psicologico.linea.asistente_operador,manzana_de_cuidados.model_mz_diagnostico_psicologico_linea,group_mz_convoy_operador,1,0,0,0
access_mz_diagnostico_psicologico_linea_prestador_servicio,mz.diagnostico.psicologico.linea.prestador_servicio,manzana_de_cuidados.model_mz_diagnostico_psicologico_linea,group_mz_convoy_prestador_servicio,1,1,1,0
access_mz_diagnostico_psicologico_linea_medicina_general,mz.diagnostico.psicologico.linea.medicina_general,manzana_de_cuidados.model_mz_diagnostico_psicologico_linea,group_mz_convoy_medicina_general,1,1,1,0
access_mz_diagnostico_psicologico_linea_psicologia,mz.diagnostico.psicologico.linea.psicologia,manzana_de_cuidados.model_mz_diagnostico_psicologico_linea,group_mz_convoy_psicologia,1,1,1,0
access_mz_diagnostico_psicologico_linea_asistente_coordinador,mz.diagnostico.psicologico.linea.asistente_coordinador,manzana_de_cuidados.model_mz_diagnostico_psicologico_linea,group_mz_convoy_asistente_coordinador,1,0,0,0
access_mz_diagnostico_psicologico_linea_coordinador,mz.diagnostico.psicologico.linea.coordinador,manzana_de_cuidados.model_mz_diagnostico_psicologico_linea,group_mz_convoy_coordinador,1,0,0,0
access_mz_diagnostico_psicologico_linea_administrador,mz.diagnostico.psicologico.linea.administrador,manzana_de_cuidados.model_mz_diagnostico_psicologico_linea,group_mz_convoy_administrador,1,1,1,0

access_pf_cie10_operador,pf.cie10.asistente_operador,prefectura_base.model_pf_cie10,group_mz_convoy_operador,1,0,0,0
access_pf_cie10_prestador_servicio,pf.cie10.prestador_servicio,prefectura_base.model_pf_cie10,group_mz_convoy_prestador_servicio,1,0,0,0
access_pf_cie10_medicina_general,pf.cie10.medicina_general,prefectura_base.model_pf_cie10,group_mz_convoy_medicina_general,1,0,0,0
access_pf_cie10_psicologia,pf.cie10.psicologia,prefectura_base.model_pf_cie10,group_mz_convoy_psicologia,1,0,0,0
access_pf_cie10_asistente_coordinador,pf.cie10.asistente_coordinador,prefectura_base.model_pf_cie10,group_mz_convoy_asistente_coordinador,1,0,0,0
access_pf_cie10_coordinador,pf.cie10.coordinador,prefectura_base.model_pf_cie10,group_mz_convoy_coordinador,1,0,0,0
access_pf_cie10_administrador,pf.cie10.administrador,prefectura_base.model_pf_cie10,group_mz_convoy_administrador,1,1,1,0

access_mz_servicio_operador,mz.servicio.asistente_operador,manzana_de_cuidados.model_mz_servicio,group_mz_convoy_operador,1,0,0,0
access_mz_servicio_prestador_servicio,mz.servicio.prestador_servicio,manzana_de_cuidados.model_mz_servicio,group_mz_convoy_prestador_servicio,1,0,0,0
access_mz_servicio_medicina_general,mz.servicio.medicina_general,manzana_de_cuidados.model_mz_servicio,group_mz_convoy_medicina_general,1,0,0,0
access_mz_servicio_psicologia,mz.servicio.psicologia,manzana_de_cuidados.model_mz_servicio,group_mz_convoy_psicologia,1,0,0,0
access_mz_servicio_cuidado_infantil,mz.servicio.cuidado_infantil,manzana_de_cuidados.model_mz_servicio,group_mz_convoy_cuidado_infantil,1,0,0,0
access_mz_servicio_aseroria_legal,mz.servicio.aseroria_legal,manzana_de_cuidados.model_mz_servicio,group_mz_convoy_aseroria_legal,1,0,0,0
access_mz_servicio_veterinaria,mz.servicio.veterinaria,manzana_de_cuidados.model_mz_servicio,group_mz_convoy_veterinaria,1,0,0,0
access_mz_servicio_bodeguero,mz.servicio.bodeguero,manzana_de_cuidados.model_mz_servicio,group_mz_convoy_bodeguero,1,0,0,0
access_mz_servicio_bodeguero_medicina,mz.servicio.bodeguero_medicina,manzana_de_cuidados.model_mz_servicio,group_mz_convoy_bodeguero_medicina,1,0,0,0
access_mz_servicio_bodeguero_veterinario,mz.servicio.bodeguero_veterinario,manzana_de_cuidados.model_mz_servicio,group_mz_convoy_bodeguero_veterinario,1,0,0,0
access_mz_servicio_bodeguero_insumos,mz.servicio.bodeguero_insumos,manzana_de_cuidados.model_mz_servicio,group_mz_convoy_bodeguero_insumos,1,0,0,0
access_mz_servicio_asistente_coordinador,mz.servicio.asistente_coordinador,manzana_de_cuidados.model_mz_servicio,group_mz_convoy_asistente_coordinador,1,0,0,0
access_mz_servicio_coordinador,mz.servicio.coordinador,manzana_de_cuidados.model_mz_servicio,group_mz_convoy_coordinador,1,1,1,0
access_mz_servicio_administrador,mz.servicio.administrador,manzana_de_cuidados.model_mz_servicio,group_mz_convoy_administrador,1,1,1,1

access_mz_sub_servicio_operador,mz.sub.servicio.asistente_operador,manzana_de_cuidados.model_mz_sub_servicio,group_mz_convoy_operador,1,0,0,0
access_mz_sub_servicio_prestador_servicio,mz.sub.servicio.prestador_servicio,manzana_de_cuidados.model_mz_sub_servicio,group_mz_convoy_prestador_servicio,1,0,0,0
access_mz_sub_servicio_medicina_general,mz.sub.servicio.medicina_general,manzana_de_cuidados.model_mz_sub_servicio,group_mz_convoy_medicina_general,1,0,0,0
access_mz_sub_servicio_psicologia,mz.sub.servicio.psicologia,manzana_de_cuidados.model_mz_sub_servicio,group_mz_convoy_psicologia,1,0,0,0
access_mz_sub_servicio_cuidado_infantil,mz.sub.servicio.cuidado_infantil,manzana_de_cuidados.model_mz_sub_servicio,group_mz_convoy_cuidado_infantil,1,0,0,0
access_mz_sub_servicio_aseroria_legal,mz.sub.servicio.aseroria_legal,manzana_de_cuidados.model_mz_sub_servicio,group_mz_convoy_aseroria_legal,1,0,0,0
access_mz_sub_servicio_veterinaria,mz.sub.servicio.veterinaria,manzana_de_cuidados.model_mz_sub_servicio,group_mz_convoy_veterinaria,1,0,0,0
access_mz_sub_servicio_asistente_coordinador,mz.sub.servicio.asistente_coordinador,manzana_de_cuidados.model_mz_sub_servicio,group_mz_convoy_asistente_coordinador,1,0,0,0
access_mz_sub_servicio_coordinador,mz.sub.servicio.coordinador,manzana_de_cuidados.model_mz_sub_servicio,group_mz_convoy_coordinador,1,1,1,0
access_mz_sub_servicio_administrador,mz.sub.servicio.administrador,manzana_de_cuidados.model_mz_sub_servicio,group_mz_convoy_administrador,1,1,1,1

access_mz_asistencia_servicio_operador,mz.asistencia_servicio.asistente_operador,manzana_de_cuidados.model_mz_asistencia_servicio,group_mz_convoy_operador,1,1,1,0
access_mz_asistencia_servicio_prestador_servicio,mz.asistencia_servicio.prestador_servicio,manzana_de_cuidados.model_mz_asistencia_servicio,group_mz_convoy_prestador_servicio,1,1,0,0
access_mz_asistencia_servicio_medicina_general,mz.asistencia_servicio.medicina_general,manzana_de_cuidados.model_mz_asistencia_servicio,group_mz_convoy_medicina_general,1,1,0,0
access_mz_asistencia_servicio_psicologia,mz.asistencia_servicio.psicologia,manzana_de_cuidados.model_mz_asistencia_servicio,group_mz_convoy_psicologia,1,1,0,0
access_mz_asistencia_servicio_cuidado_infantil,mz.asistencia_servicio.cuidado_infantil,manzana_de_cuidados.model_mz_asistencia_servicio,group_mz_convoy_cuidado_infantil,1,1,0,0
access_mz_asistencia_servicio_aseroria_legal,mz.asistencia_servicio.aseroria_legal,manzana_de_cuidados.model_mz_asistencia_servicio,group_mz_convoy_aseroria_legal,1,1,0,0
access_mz_asistencia_servicio_veterinaria,mz.asistencia_servicio.veterinaria,manzana_de_cuidados.model_mz_asistencia_servicio,group_mz_convoy_veterinaria,1,1,0,0
access_mz_asistencia_servicio_asistente_coordinador,mz.asistencia_servicio.asistente_coordinador,manzana_de_cuidados.model_mz_asistencia_servicio,group_mz_convoy_asistente_coordinador,1,0,0,0
access_mz_asistencia_servicio_coordinador,mz.asistencia_servicio.coordinador,manzana_de_cuidados.model_mz_asistencia_servicio,group_mz_convoy_coordinador,1,1,1,0
access_mz_asistencia_servicio_administrador,mz.asistencia_servicio.administrador,manzana_de_cuidados.model_mz_asistencia_servicio,group_mz_convoy_administrador,1,1,1,1

access_pf_catalogo_operador,pf.catalogo.asistente_operador,prefectura_base.model_pf_catalogo,group_mz_convoy_operador,1,0,0,0
access_pf_catalogo_prestador_servicio,pf.catalogo.prestador_servicio,prefectura_base.model_pf_catalogo,group_mz_convoy_prestador_servicio,1,0,0,0
access_pf_catalogo_medicina_general,pf.catalogo.medicina_general,prefectura_base.model_pf_catalogo,group_mz_convoy_medicina_general,1,0,0,0
access_pf_catalogo_psicologia,pf.catalogo.psicologia,prefectura_base.model_pf_catalogo,group_mz_convoy_psicologia,1,0,0,0
access_pf_catalogo_cuidado_infantil,pf.catalogo.cuidado_infantil,prefectura_base.model_pf_catalogo,group_mz_convoy_cuidado_infantil,1,0,0,0
access_pf_catalogo_aseroria_legal,pf.catalogo.aseroria_legal,prefectura_base.model_pf_catalogo,group_mz_convoy_aseroria_legal,1,0,0,0
access_pf_catalogo_veterinaria,pf.catalogo.veterinaria,prefectura_base.model_pf_catalogo,group_mz_convoy_veterinaria,1,0,0,0
access_pf_catalogo_asistente_coordinador,pf.catalogo.asistente_coordinador,prefectura_base.model_pf_catalogo,group_mz_convoy_asistente_coordinador,1,0,0,0
access_pf_catalogo_coordinador,pf.catalogo.coordinador,prefectura_base.model_pf_catalogo,group_mz_convoy_coordinador,1,1,1,0
access_pf_catalogo_administrador,pf.catalogo.administrador,prefectura_base.model_pf_catalogo,group_mz_convoy_administrador,1,1,1,1

access_pf_items_operador,pf.items.asistente_operador,prefectura_base.model_pf_items,group_mz_convoy_operador,1,0,0,0
access_pf_items_prestador_servicio,pf.items.prestador_servicio,prefectura_base.model_pf_items,group_mz_convoy_prestador_servicio,1,0,0,0
access_pf_items_medicina_general,pf.items.medicina_general,prefectura_base.model_pf_items,group_mz_convoy_medicina_general,1,0,0,0
access_pf_items_psicologia,pf.items.psicologia,prefectura_base.model_pf_items,group_mz_convoy_psicologia,1,0,0,0
access_pf_items_cuidado_infantil,pf.items.cuidado_infantil,prefectura_base.model_pf_items,group_mz_convoy_cuidado_infantil,1,0,0,0
access_pf_items_aseroria_legal,pf.items.aseroria_legal,prefectura_base.model_pf_items,group_mz_convoy_aseroria_legal,1,0,0,0
access_pf_items_veterinaria,pf.items.veterinaria,prefectura_base.model_pf_items,group_mz_convoy_veterinaria,1,0,0,0
access_pf_items_asistente_coordinador,pf.items.asistente_coordinador,prefectura_base.model_pf_items,group_mz_convoy_asistente_coordinador,1,0,0,0
access_pf_items_coordinador,pf.items.coordinador,prefectura_base.model_pf_items,group_mz_convoy_coordinador,1,1,1,0
access_pf_items_administrador,pf.items.administrador,prefectura_base.model_pf_items,group_mz_convoy_administrador,1,1,1,1

access_mz_horarios_servicio_operador,mz.horarios.servicio.asistente_operador,manzana_de_cuidados.model_mz_horarios_servicio,group_mz_convoy_operador,1,0,0,0
access_mz_horarios_servicio_prestador_servicio,mz.horarios.servicio.prestador_servicio,manzana_de_cuidados.model_mz_horarios_servicio,group_mz_convoy_prestador_servicio,1,0,0,0
access_mz_horarios_servicio_medicina_general,mz.horarios.servicio.medicina_general,manzana_de_cuidados.model_mz_horarios_servicio,group_mz_convoy_medicina_general,1,0,0,0
access_mz_horarios_servicio_psicologia,mz.horarios.servicio.psicologia,manzana_de_cuidados.model_mz_horarios_servicio,group_mz_convoy_psicologia,1,0,0,0
access_mz_horarios_servicio_cuidado_infantil,mz.horarios.servicio.cuidado_infantil,manzana_de_cuidados.model_mz_horarios_servicio,group_mz_convoy_cuidado_infantil,1,0,0,0
access_mz_horarios_servicio_aseroria_legal,mz.horarios.servicio.aseroria_legal,manzana_de_cuidados.model_mz_horarios_servicio,group_mz_convoy_aseroria_legal,1,0,0,0
access_mz_horarios_servicio_veterinaria,mz.horarios.servicio.veterinaria,manzana_de_cuidados.model_mz_horarios_servicio,group_mz_convoy_veterinaria,1,0,0,0
access_mz_horarios_servicio_asistente_coordinador,mz.horarios.servicio.asistente_coordinador,manzana_de_cuidados.model_mz_horarios_servicio,group_mz_convoy_asistente_coordinador,1,0,0,0
access_mz_horarios_servicio_coordinador,mz.horarios.servicio.coordinador,manzana_de_cuidados.model_mz_horarios_servicio,group_mz_convoy_coordinador,1,0,0,0
access_mz_horarios_servicio_administrador,mz.horarios.servicio.administrador,manzana_de_cuidados.model_mz_horarios_servicio,group_mz_convoy_administrador,1,1,1,0

access_mz_convoy_beneficiario_operador,mz_convoy.beneficiario.asistente_operador,model_mz_convoy_beneficiario,group_mz_convoy_operador,1,1,1,1
access_mz_convoy_beneficiario_bodeguero,mz_convoy.beneficiario.bodeguero,model_mz_convoy_beneficiario,group_mz_convoy_bodeguero,1,0,0,0
access_mz_convoy_beneficiario_bodeguero_medicina,mz_convoy.beneficiario.bodeguero_medicina,model_mz_convoy_beneficiario,group_mz_convoy_bodeguero_medicina,1,0,0,0
access_mz_convoy_beneficiario_bodeguero_veterinario,mz_convoy.beneficiario.bodeguero_veterinario,model_mz_convoy_beneficiario,group_mz_convoy_bodeguero_veterinario,1,0,0,0
access_mz_convoy_beneficiario_bodeguero_insumos,mz_convoy.beneficiario.bodeguero_insumos,model_mz_convoy_beneficiario,group_mz_convoy_bodeguero_insumos,1,0,0,0
access_mz_convoy_beneficiario_prestador_servicio,mz_convoy.beneficiario.prestador_servicio,model_mz_convoy_beneficiario,group_mz_convoy_prestador_servicio,1,0,0,0
access_mz_convoy_beneficiario_medicina_general,mz_convoy.beneficiario.medicina_general,model_mz_convoy_beneficiario,group_mz_convoy_medicina_general,1,0,0,0
access_mz_convoy_beneficiario_psicologia,mz_convoy.beneficiario.psicologia,model_mz_convoy_beneficiario,group_mz_convoy_psicologia,1,0,0,0
access_mz_convoy_beneficiario_cuidado_infantil,mz_convoy.beneficiario.cuidado_infantil,model_mz_convoy_beneficiario,group_mz_convoy_cuidado_infantil,1,0,0,0
access_mz_convoy_beneficiario_aseroria_legal,mz_convoy.beneficiario.aseroria_legal,model_mz_convoy_beneficiario,group_mz_convoy_aseroria_legal,1,0,0,0
access_mz_convoy_beneficiario_veterinaria,mz_convoy.beneficiario.veterinaria,model_mz_convoy_beneficiario,group_mz_convoy_veterinaria,1,0,0,0
access_mz_convoy_beneficiario_asistente_coordinador,mz_convoy.beneficiario.asistente_coordinador,model_mz_convoy_beneficiario,group_mz_convoy_asistente_coordinador,1,0,0,0
access_mz_convoy_beneficiario_coordinador,mz_convoy.beneficiario.coordinador,model_mz_convoy_beneficiario,group_mz_convoy_coordinador,1,1,1,1
access_mz_convoy_beneficiario_administrador,mz_convoy.beneficiario.administrador,model_mz_convoy_beneficiario,group_mz_convoy_administrador,1,1,1,1

access_mz_agendar_servicio_operador,mz.agendar_servicio.asistente_operador,manzana_de_cuidados.model_mz_agendar_servicio,group_mz_convoy_operador,1,1,1,0
access_mz_agendar_servicio_prestador_servicio,mz.agendar_servicio.prestador_servicio,manzana_de_cuidados.model_mz_agendar_servicio,group_mz_convoy_prestador_servicio,1,1,0,0
access_mz_agendar_servicio_medicina_general,mz.agendar_servicio.medicina_general,manzana_de_cuidados.model_mz_agendar_servicio,group_mz_convoy_medicina_general,1,1,0,0
access_mz_agendar_servicio_psicologia,mz.agendar_servicio.psicologia,manzana_de_cuidados.model_mz_agendar_servicio,group_mz_convoy_psicologia,1,1,0,0
access_mz_agendar_servicio_cuidado_infantil,mz.agendar_servicio.cuidado_infantil,manzana_de_cuidados.model_mz_agendar_servicio,group_mz_convoy_cuidado_infantil,1,1,0,0
access_mz_agendar_servicio_aseroria_legal,mz.agendar_servicio.aseroria_legal,manzana_de_cuidados.model_mz_agendar_servicio,group_mz_convoy_aseroria_legal,1,1,0,0
access_mz_agendar_servicio_veterinaria,mz.agendar_servicio.veterinaria,manzana_de_cuidados.model_mz_agendar_servicio,group_mz_convoy_veterinaria,1,1,0,0
access_mz_agendar_servicio_asistente_coordinador,mz.agendar_servicio.asistente_coordinador,manzana_de_cuidados.model_mz_agendar_servicio,group_mz_convoy_asistente_coordinador,1,0,0,0
access_mz_agendar_servicio_coordinador,mz.agendar_servicio.coordinador,manzana_de_cuidados.model_mz_agendar_servicio,group_mz_convoy_coordinador,1,1,1,1
access_mz_agendar_servicio_administrador,mz.agendar_servicio.administrador,manzana_de_cuidados.model_mz_agendar_servicio,group_mz_convoy_administrador,1,1,1,1

access_mz_consulta_operador,mz.consulta.asistente_operador,manzana_de_cuidados.model_mz_consulta,group_mz_convoy_operador,1,0,0,0
access_mz_consulta_prestador_servicio,mz.consulta.prestador_servicio,manzana_de_cuidados.model_mz_consulta,group_mz_convoy_prestador_servicio,1,0,0,0
access_mz_consulta_medicina_general,mz.consulta.medicina_general,manzana_de_cuidados.model_mz_consulta,group_mz_convoy_medicina_general,1,1,1,0
access_mz_consulta_asistente_coordinador,mz.consulta.asistente_coordinador,manzana_de_cuidados.model_mz_consulta,group_mz_convoy_asistente_coordinador,1,0,0,0
access_mz_consulta_coordinador,mz.consulta.coordinador,manzana_de_cuidados.model_mz_consulta,group_mz_convoy_coordinador,1,1,0,0
access_mz_consulta_administrador,mz.consulta.administrador,manzana_de_cuidados.model_mz_consulta,group_mz_convoy_administrador,1,1,1,1

access_mz_consulta_psicologica_operador,mz.consulta.psicologica.asistente_operador,manzana_de_cuidados.model_mz_consulta_psicologica,group_mz_convoy_operador,1,0,0,0
access_mz_consulta_psicologica_prestador_servicio,mz.consulta.psicologica.prestador_servicio,manzana_de_cuidados.model_mz_consulta_psicologica,group_mz_convoy_prestador_servicio,1,0,0,0
access_mz_consulta_psicologica_psicologia,mz.consulta.psicologica.psicologia,manzana_de_cuidados.model_mz_consulta_psicologica,group_mz_convoy_psicologia,1,1,1,0
access_mz_consulta_psicologica_asistente_coordinador,mz.consulta.psicologica.asistente_coordinador,manzana_de_cuidados.model_mz_consulta_psicologica,group_mz_convoy_asistente_coordinador,1,0,0,0
access_mz_consulta_psicologica_coordinador,mz.consulta.psicologica.coordinador,manzana_de_cuidados.model_mz_consulta_psicologica,group_mz_convoy_coordinador,1,1,0,0
access_mz_consulta_psicologica_administrador,mz.consulta.psicologica.administrador,manzana_de_cuidados.model_mz_consulta_psicologica,group_mz_convoy_administrador,1,1,1,1

access_mz_asesoria_legal_operador,mz.asesoria.legal.asistente_operador,manzana_de_cuidados.model_mz_asesoria_legal,group_mz_convoy_operador,1,0,0,0
access_mz_asesoria_legal_prestador_servicio,mz.asesoria.legal.prestador_servicio,manzana_de_cuidados.model_mz_asesoria_legal,group_mz_convoy_prestador_servicio,1,0,0,0
access_mz_asesoria_legal_aseroria_legal,mz.asesoria.legal.aseroria_legal,manzana_de_cuidados.model_mz_asesoria_legal,group_mz_convoy_aseroria_legal,1,1,1,0
access_mz_asesoria_legal_asistente_coordinador,mz.asesoria.legal.asistente_coordinador,manzana_de_cuidados.model_mz_asesoria_legal,group_mz_convoy_asistente_coordinador,1,0,0,0
access_mz_asesoria_legal_coordinador,mz.asesoria.legal.coordinador,manzana_de_cuidados.model_mz_asesoria_legal,group_mz_convoy_coordinador,1,1,0,0
access_mz_asesoria_legal_administrador,mz.asesoria.legal.administrador,manzana_de_cuidados.model_mz_asesoria_legal,group_mz_convoy_administrador,1,1,1,1

access_mz_cuidado_child_operador,mz.cuidado.child.asistente_operador,manzana_de_cuidados.model_mz_cuidado_child,group_mz_convoy_operador,1,0,0,0
access_mz_cuidado_child_prestador_servicio,mz.cuidado.child.prestador_servicio,manzana_de_cuidados.model_mz_cuidado_child,group_mz_convoy_prestador_servicio,1,0,0,0
access_mz_cuidado_child_cuidado_infantil,mz.cuidado.child.cuidado_infantil,manzana_de_cuidados.model_mz_cuidado_child,group_mz_convoy_cuidado_infantil,1,1,1,0
access_mz_cuidado_child_asistente_coordinador,mz.cuidado.child.asistente_coordinador,manzana_de_cuidados.model_mz_cuidado_child,group_mz_convoy_asistente_coordinador,1,0,0,0
access_mz_cuidado_child_coordinador,mz.cuidado.child.coordinador,manzana_de_cuidados.model_mz_cuidado_child,group_mz_convoy_coordinador,1,1,0,0
access_mz_cuidado_child_administrador,mz.cuidado.child.administrador,manzana_de_cuidados.model_mz_cuidado_child,group_mz_convoy_administrador,1,1,1,1

access_mz_servicio_veterinario_operador,mz.servicio.veterinario.asistente_operador,manzana_de_cuidados.model_mz_servicio_veterinario,group_mz_convoy_operador,1,0,0,0
access_mz_servicio_veterinario_prestador_servicio,mz.servicio.veterinario.prestador_servicio,manzana_de_cuidados.model_mz_servicio_veterinario,group_mz_convoy_prestador_servicio,1,0,0,0
access_mz_servicio_veterinario_veterinaria,mz.servicio.veterinario.veterinaria,manzana_de_cuidados.model_mz_servicio_veterinario,group_mz_convoy_veterinaria,1,1,1,0
access_mz_servicio_veterinario_asistente_coordinador,mz.servicio.veterinario.asistente_coordinador,manzana_de_cuidados.model_mz_servicio_veterinario,group_mz_convoy_asistente_coordinador,1,0,0,0
access_mz_servicio_veterinario_coordinador,mz.servicio.veterinario.coordinador,manzana_de_cuidados.model_mz_servicio_veterinario,group_mz_convoy_coordinador,1,1,0,0
access_mz_servicio_veterinario_administrador,mz.servicio.veterinario.administrador,manzana_de_cuidados.model_mz_servicio_veterinario,group_mz_convoy_administrador,1,1,1,1

access_mz_convoy.beneficiario_wizard_user,mz_convoy.beneficiario_wizard.user,model_mz_convoy_beneficiario_wizard,,1,1,1,1
access_mz_convoy.dependiente_wizard_user,mz_convoy.dependiente_wizard.user,model_mz_convoy_dependiente_wizard,,1,1,1,1
access_mz_convoy.perrmisos_user,mz_convoy.perrmisos.user,model_mz_convoy_permisos,,1,1,1,1
access_mz_convoy.mascota_wizard_user,mz_convoy.mascota_wizard.user,model_mz_convoy_mascota_wizard,,1,1,1,1
access_mz_suspender_convoy_user,mz_suspender_convoy.user,model_mz_suspender_convoy,,1,1,1,1
access_mz_convoy_turnos_report_user,mz_convoy_turnos_report_user,model_mz_convoy_turnos_report,,1,1,1,1
access_mz_convoy_turnos_report_wizard_user,mz_convoy_turnos_report_wizard_user,model_mz_convoy_turnos_report_wizard,,1,1,1,1


access_mz_servicio_veterinario_report_wizard_user,mz_servicio_veterinario_report_wizard_user,model_mz_servicio_veterinario_report,,1,1,1,1
access_mz_servicio_veterinario_report_wizard_wizard_user,mz_servicio_veterinario_report_wizard_wizard_user,model_mz_servicio_veterinario_report_wizard,,1,1,1,1















