<?xml version="1.0" encoding="utf-8"?>
<odoo>
    <data>

        <!-- Definir la Categoría del Módulo -->
        <record id="module_category_mz_convoy" model="ir.module.category">
            <field name="name">Convoy</field>
            <field name="description">Categoría para el módulo CONVOY</field>
            <field name="sequence">100</field>
        </record>

        <!-- Definir el Grupo de Acceso para Beneficiarios -->
        <record id="group_mz_convoy_operador" model="res.groups">
            <field name="name">Operador</field>
            <field name="category_id" ref="module_category_mz_convoy"/>
        </record>
        <record id="group_mz_convoy_prestador_servicio" model="res.groups">
            <field name="name">Prestador de Servicio</field>
            <field name="category_id" ref="module_category_mz_convoy"/>
        </record>
        <record id="group_mz_convoy_asistente_coordinador" model="res.groups">
            <field name="name">Asistente Coordinador del Convoy</field>
            <field name="category_id" ref="module_category_mz_convoy"/>
        </record>
        <record id="group_mz_convoy_coordinador" model="res.groups">
            <field name="name">Coordinador del Convoy</field>
            <field name="category_id" ref="module_category_mz_convoy"/>
        </record>
        <record id="group_mz_convoy_administrador" model="res.groups">
            <field name="name">Administrador</field>
            <field name="category_id" ref="module_category_mz_convoy"/>
        </record>

        <record id="group_mz_convoy_medicina_general" model="res.groups">
            <field name="name">Medicina General (Convoy)</field>
            <field name="category_id" ref="module_category_mz_convoy"/>
        </record>
        <record id="group_mz_convoy_psicologia" model="res.groups">
            <field name="name">Psicología (Convoy)</field>
            <field name="category_id" ref="module_category_mz_convoy"/>
        </record>
        <record id="group_mz_convoy_cuidado_infantil" model="res.groups">
            <field name="name">Cuidado Infantil (Convoy)</field>
            <field name="category_id" ref="module_category_mz_convoy"/>
        </record>
        <record id="group_mz_convoy_aseroria_legal" model="res.groups">
            <field name="name">Asesoria Legal (Convoy)</field>
            <field name="category_id" ref="module_category_mz_convoy"/>
        </record>
        <record id="group_mz_convoy_veterinaria" model="res.groups">
            <field name="name">Veterinaria (Convoy)</field>
            <field name="category_id" ref="module_category_mz_convoy"/>
        </record>

        <record id="group_mz_convoy_bodeguero" model="res.groups">
            <field name="name">Bodeguero (General)</field>
            <field name="category_id" ref="module_category_mz_convoy"/>
        </record>

         <record id="group_mz_convoy_bodeguero_medicina" model="res.groups">
            <field name="name">Bodeguero (Medicina)</field>
            <field name="category_id" ref="module_category_mz_convoy"/>
        </record>

        <record id="group_mz_convoy_bodeguero_veterinario" model="res.groups">
            <field name="name">Bodeguero (Veterinario)</field>
            <field name="category_id" ref="module_category_mz_convoy"/>
        </record>

        <record id="group_mz_convoy_bodeguero_insumos" model="res.groups">
            <field name="name">Bodeguero (Insumos)</field>
            <field name="category_id" ref="module_category_mz_convoy"/>
        </record>

    </data>

</odoo>